Foldername,sentenceID,sentence,citations,citation_titles,citation_authors,PaperID,ParagraphID,Bibliography used
usable_dataset/0112.02618,urn:uuid:afacb3a5-59ce-33dc-a66f-fbe49d3ec7fc,"Withinthesecategories,closesttoourworkistheintrinsicrewardapproachin\cite{du2019liir}.There,theagents'policiesandintrinsicrewardsarelearnedwithabilevelapproach.Incontrast,LIGSperformstheseoperationsconcurrentlyleadingtoafaster,moreefficientprocedure.AcrucialpointofdistinctionisthatinLIGS,theintrinsicrewardsareconstructedbyanRLagent({cmssjointexploration.Additionally,LIGSlearnsintrinsicrewardsonlyatrelevantstates,thisconfershighcomputationalefficiency.Lastly,unlikeexploration-basedmethodse.g.,\cite{mahajan2019maven},LIGSensurespreservationoftheagents'jointoptimalpolicyforthetask.","['du2019liir', 'mahajan2019maven']","['Liir: Learning individual intrinsic reward in multi-agent reinforcement learning', 'Maven: Multi-agent variational exploration']","[None, None]",urn:uuid:5247bc16-88d7-3223-b0e2-27f6abc0c51a,urn:uuid:fd47d63e-dfb5-31fe-a341-b404859f5157,usable_dataset/0112.02618\biblio.bib
usable_dataset/0709.0289,urn:uuid:b3fe5820-ad5a-3bde-8fca-5ae3c358a8c7,"After Wiesner's original conjugate-coding protocol~\cite{Wiesner83}, Bennett, Brassard, Crand Skubiszewska proposed an interactive protocol for BBCS91, whose security was subsequently analyzed by CrCrepeau94, Mayers, Salvail~\cite{MS94, Mayers95}, and Yao~\cite{Yao95}.","['Wiesner83', 'BBCS91', 'Crepeau94', 'Yao95', 'MS94', 'Mayers95']","['', '', '', '', '', '']","['', '', '', '', '', '']",urn:uuid:3efd540c-b691-3890-a5b1-99cb038b17ea,urn:uuid:1bf60e21-9963-3a1f-851a-49e50ea87273,usable_dataset/0709.0289\diss.bbl
usable_dataset/0709.0289,urn:uuid:0524c8d6-da37-39fd-9044-247c3771df81,The protocol from \cite{BBCS91} is interactive and can be easily broken by a dishonest receiver with unbounded quantum memory.,['BBCS91'],[''],[''],urn:uuid:3efd540c-b691-3890-a5b1-99cb038b17ea,urn:uuid:1bf60e21-9963-3a1f-851a-49e50ea87273,usable_dataset/0709.0289\diss.bbl
usable_dataset/0709.0289,urn:uuid:d6e8b26d-c0ec-349d-b840-89dcbe48fd27,"To ensure that the receiver actually performs a measurement, it was suggested to use (quantum) bit-commitment schemes such as~\cite{BCJL93} which were believed to be secure against such adversaries at this point in time.",['BCJL93'],[''],[''],urn:uuid:3efd540c-b691-3890-a5b1-99cb038b17ea,urn:uuid:1bf60e21-9963-3a1f-851a-49e50ea87273,usable_dataset/0709.0289\diss.bbl
usable_dataset/0709.0289,urn:uuid:83764766-f140-3700-9b67-606c159f5387,"After the impossibility proofs of quantum bit-commitment by Lo and Chau~\cite{LC97}, and Mayers~\cite{Mayers97}, and of oblivious transfer by Lo~\cite{Lo97}, it became clear that assumptions are necessary in order to securely realize these primitives.","['LC97', 'Mayers97', 'Lo97']","['', '', '']","['', '', '']",urn:uuid:3efd540c-b691-3890-a5b1-99cb038b17ea,urn:uuid:1bf60e21-9963-3a1f-851a-49e50ea87273,usable_dataset/0709.0289\diss.bbl
usable_dataset/0709.0289,urn:uuid:6b352765-a897-33e6-810c-bf5452277772,proposition proof We adapt a technique by Kittaneh \cite{Kittaneh97} to our case.,['Kittaneh97'],[''],[''],urn:uuid:71735b02-bf1f-3e3a-b61a-9c71435e736f,urn:uuid:0416fd49-9107-3de2-95d2-01445b410f1b,usable_dataset/0709.0289\diss.bbl
usable_dataset/0709.0289,urn:uuid:6072c05b-eea9-30c4-b3ff-601ccb2ee75b,We refer to \cite{AS00} or \cite{MR95} for a more detailed treatment.,"['AS00', 'MR95']","['', '']","['', '']",urn:uuid:71735b02-bf1f-3e3a-b61a-9c71435e736f,urn:uuid:956f19cd-388b-312d-b9ef-b2cd881ce9cf,usable_dataset/0709.0289\diss.bbl
usable_dataset/1707.00945,urn:uuid:c3c10d3e-bc0c-3094-b2db-d2c70ec28e0f,"A look back at (old) SPARK's history and its success, as well as an initial picture of SPARK~2014 is given by Chapman and Schanda in~\cite{Chapman2014}.",['Chapman2014'],[''],[''],urn:uuid:368bf77b-8c3d-3f99-9043-6b30eac8354c,urn:uuid:84c9f5c5-d932-3159-bea3-b48be3c292a9,usable_dataset/1707.00945\paper.bbl
usable_dataset/1707.00945,urn:uuid:831164a3-3a1e-35cb-a5cb-b4494a8c8cba," A small case study with SPARK~2014 is presented in~\cite{Trojanek2014}, but at that point multi-threading (Ravenscar) was not yet supported, and floating point numbers have been skipped in the proof.",['Trojanek2014'],[''],[''],urn:uuid:368bf77b-8c3d-3f99-9043-6b30eac8354c,urn:uuid:84c9f5c5-d932-3159-bea3-b48be3c292a9,usable_dataset/1707.00945\paper.bbl
usable_dataset/1707.00945,urn:uuid:00f0c7fb-df05-3cb2-ab54-23df44e61105,"in \cite{Dross2014}, with whom we share the opinion of minor usability issues, and that some small amount of developer training is required.",['Dross2014'],[''],[''],urn:uuid:368bf77b-8c3d-3f99-9043-6b30eac8354c,urn:uuid:84c9f5c5-d932-3159-bea3-b48be3c292a9,usable_dataset/1707.00945\paper.bbl
usable_dataset/1707.00945,urn:uuid:79c48323-6a4e-3f18-b370-6992872624f2," Finally, SPARK~2014 with Ravenscar has recently been announced to be used in the Lunar IceCube~\cite{Brandon2016} satellite, a successor of the successful CubeSat project that was implemented in SPARK 2005.",['Brandon2016'],[''],[''],urn:uuid:368bf77b-8c3d-3f99-9043-6b30eac8354c,urn:uuid:84c9f5c5-d932-3159-bea3-b48be3c292a9,usable_dataset/1707.00945\paper.bbl
usable_dataset/1811.07945,urn:uuid:462386dc-8cd2-3f1c-8836-c1d195e7d307," Image Super-resolution (SR) The term super-resolution (SR) can have different interpretations in different research communities: it can mean upsampling \cite{dong2014learning}, {i.e.} starting from the raw image  captured on a limited number of pixels and arriving at an estimate , with a larger number of pixels within the same spatial support; it can also be interpreted as deblurring, where the blur kernel is a low-pass filter with transfer function equal to zero for spatial frequencies above cutoff \cite{goodman2005introduction}.","['dong2014learning', 'goodman2005introduction']","['', '']","['', '']",urn:uuid:88ab0b5e-e6d5-3c69-9a47-cfb5d0dcc3b4,urn:uuid:4cdbf73e-a9c9-3726-9a6c-8c775ffb960c,usable_dataset/1811.07945\main.bbl
usable_dataset/1811.07945,urn:uuid:0cd0644d-a8c4-3648-8030-cc4f2d5e8607,"An extensive review on non-machine learning based methods of single-image SR (under the upsampling interpretation), is given in \cite{yang2014single}.",['yang2014single'],[''],[''],urn:uuid:88ab0b5e-e6d5-3c69-9a47-cfb5d0dcc3b4,urn:uuid:dbd3385d-708b-3060-8c94-01301fd654e2,usable_dataset/1811.07945\main.bbl
usable_dataset/1811.07945,urn:uuid:08d0a675-deb2-3ca0-9b31-151661e51e1f,"To our knowledge, \cite{dong2014learning} is the first effort to use DNN in this context.",['dong2014learning'],[''],[''],urn:uuid:88ab0b5e-e6d5-3c69-9a47-cfb5d0dcc3b4,urn:uuid:dbd3385d-708b-3060-8c94-01301fd654e2,usable_dataset/1811.07945\main.bbl
usable_dataset/1811.07945,urn:uuid:85ee77d4-d9c6-3662-bbf6-73b55237486c,"\cite{johnson2016perceptual,ledig2017photo} are among the important follow-ups, where visually more appealing reconstructions are made possible with the use of perceptual loss\cite{johnson2016perceptual} and Generative Adversarial Networks(GAN)\cite{goodfellow2014generative}.","['johnson2016perceptual', 'goodfellow2014generative', 'johnson2016perceptual', 'ledig2017photo']","['', '', '', '']","['', '', '', '']",urn:uuid:88ab0b5e-e6d5-3c69-9a47-cfb5d0dcc3b4,urn:uuid:dbd3385d-708b-3060-8c94-01301fd654e2,usable_dataset/1811.07945\main.bbl
usable_dataset/1811.07945,urn:uuid:8f760664-ad72-38e8-8ed8-add6fad49ebb,"To our knowledge, the only prior work using DNNs on deblurring with a hard-cutoff in frequency imposed by the kernel was \cite{rivenson2017deep}, where the low-resolution image and high-resolution image within a training pair were captured using two lenses with different numerical apertures (NAs).",['rivenson2017deep'],[''],[''],urn:uuid:88ab0b5e-e6d5-3c69-9a47-cfb5d0dcc3b4,urn:uuid:5b50d685-9c36-3604-a346-8e2b107f51f2,usable_dataset/1811.07945\main.bbl
usable_dataset/1811.07945,urn:uuid:cb1c2012-165c-3087-b2de-67d3dfc05671," Traditional approaches for QPR include the Gerchberg-Saxton (GS) algorithm \cite{gerchberg1972practical}, digital holography (DH) \cite{goodman1967digital}, phase shifting interferometry \cite{creath1985phase}, and Transport of Intensity Equation (TIE) \cite{teague1983deterministic}.","['gerchberg1972practical', 'goodman1967digital', 'creath1985phase', 'teague1983deterministic']","['', '', '', '']","['', '', '', '']",urn:uuid:88ab0b5e-e6d5-3c69-9a47-cfb5d0dcc3b4,urn:uuid:0f84d140-34d5-3bef-834c-f44053a5f817,usable_dataset/1811.07945\main.bbl
usable_dataset/1811.07945,urn:uuid:f896c97b-3532-3b93-aece-571650f25c1e,Deep learning was introduced for QPR by Sinha et al \cite{sinha2017lensless} using an end-to-end residual convolutional neural network\cite{he2016deep}.,"['sinha2017lensless', 'he2016deep']","['', '']","['', '']",urn:uuid:88ab0b5e-e6d5-3c69-9a47-cfb5d0dcc3b4,urn:uuid:c377542f-a007-3bcf-8572-80f15a7635fb,usable_dataset/1811.07945\main.bbl
usable_dataset/1811.07945,urn:uuid:63f2abda-08fc-3ea9-8f6d-689e9316529d,"Subsequently, Rivenson et al \cite{rivenson2018phase} proposed a QPR in a DH implementation with a DNN including an approximant: first  an approximate phase reconstruction was obtained using an optical back-propagation method; that reconstruction was then fed into the neural network for further improvement.",['rivenson2018phase'],[''],[''],urn:uuid:88ab0b5e-e6d5-3c69-9a47-cfb5d0dcc3b4,urn:uuid:c377542f-a007-3bcf-8572-80f15a7635fb,usable_dataset/1811.07945\main.bbl
usable_dataset/1811.07945,urn:uuid:8e071a7f-5ce5-3844-8697-823c801faf5f,Goy et al \cite{goy2018low} further showed that the GS algorithm is a good approximant for the DNN to perform QPR under conditions of low photon flux.,['goy2018low'],[''],[''],urn:uuid:88ab0b5e-e6d5-3c69-9a47-cfb5d0dcc3b4,urn:uuid:c377542f-a007-3bcf-8572-80f15a7635fb,usable_dataset/1811.07945\main.bbl
usable_dataset/1811.07945,urn:uuid:ddf0d98b-ed7f-3c0b-a4e0-ea701b2b4536,"Perceptual Quality Enhancement  Prior to \cite{li2018spectral}, it was realized that low-level pixel-wise losses generally encourage finding pixel-wise averages of plausible solutions which tend to be over-smooth\cite{gupta2011modified,wang2004image,wang2003multiscale,bruna2015super,mathieu2015deep,dosovitskiy2016generating}.","['li2018spectral', 'gupta2011modified', 'wang2004image', 'wang2003multiscale', 'bruna2015super', 'mathieu2015deep', 'dosovitskiy2016generating']","['', '', '', '', '', '', '']","['', '', '', '', '', '', '']",urn:uuid:88ab0b5e-e6d5-3c69-9a47-cfb5d0dcc3b4,urn:uuid:1c77e1be-893e-3226-a1c5-eebde04854db,usable_dataset/1811.07945\main.bbl
usable_dataset/1811.07945,urn:uuid:6ecc8058-3b62-3670-a77a-b6cb1d28a9b1,"This strategy was applied to feature inversion by Mahendran et al\cite{mahendran2015understanding}, to feature visualization by Simonyan et al\cite{simonyan2013deep} and Yosinski et al\cite{yosinski2015understanding}, and to texture synthesis and style transfer by Gatys et al\cite{gatys2015texture}.","['mahendran2015understanding', 'simonyan2013deep', 'yosinski2015understanding', 'gatys2015texture']","['', '', '', '']","['', '', '', '']",urn:uuid:88ab0b5e-e6d5-3c69-9a47-cfb5d0dcc3b4,urn:uuid:1c77e1be-893e-3226-a1c5-eebde04854db,usable_dataset/1811.07945\main.bbl
usable_dataset/1811.07945,urn:uuid:ac136ef5-09b3-31d6-8023-8ab81a308250, Johnson et al\cite{johnson2016perceptual} is the first work that combines the benefits of the fast rendering of output by a CNN and perceptual loss to train feed-forward convolutional neural networks for style transfer and SR.,['johnson2016perceptual'],[''],[''],urn:uuid:88ab0b5e-e6d5-3c69-9a47-cfb5d0dcc3b4,urn:uuid:1c77e1be-893e-3226-a1c5-eebde04854db,usable_dataset/1811.07945\main.bbl
usable_dataset/1811.07945,urn:uuid:f0982557-97af-3d08-8c7d-ff491c2a87f5,"Subsequently, Ledig et al\cite{ledig2017photo} proposed a SR generative adversarial neural network\cite{goodfellow2014generative}(SRGAN), where the perceptual loss based on high-level feature maps of the VGG-networks\cite{simonyan2014very} and a discriminator, jointly encourage reconstructions to be perceptually indistinguishable from the high resolution images.","['ledig2017photo', 'goodfellow2014generative', 'simonyan2014very']","['', '', '']","['', '', '']",urn:uuid:88ab0b5e-e6d5-3c69-9a47-cfb5d0dcc3b4,urn:uuid:1c77e1be-893e-3226-a1c5-eebde04854db,usable_dataset/1811.07945\main.bbl
usable_dataset/1811.07945,urn:uuid:014b8dae-f66c-3d4d-b0c1-f94ed09b1f4c,"Dual frequency band reconstruction In 2008, HiLo microscopy \cite{lim2008wide} was proposed by Lim et al to enhance the resolution of optical imaging system.",['lim2008wide'],[''],[''],urn:uuid:88ab0b5e-e6d5-3c69-9a47-cfb5d0dcc3b4,urn:uuid:301b7313-f05f-3f1a-84a1-ed30c000c3d3,usable_dataset/1811.07945\main.bbl
usable_dataset/1811.07945,urn:uuid:b53e2166-2dff-3710-8fe3-360b59601f79,"In 2018, Pan et al proposed a dual convolutional neural network (DualCNN)\cite{Pan_2018_CVPR} structure consisting of two branches to solve low-level vision problems.",['Pan_2018_CVPR'],[''],[''],urn:uuid:88ab0b5e-e6d5-3c69-9a47-cfb5d0dcc3b4,urn:uuid:a877e6ac-a0f6-3724-981a-7cf04ddff9e0,usable_dataset/1811.07945\main.bbl
usable_dataset/1909.07814,urn:uuid:34a285d9-be3e-3683-98a9-a28ab3e536fe,"All security is modeled and proved using the simulation paradigm~\cite{gmw,canetti00}.","['gmw', 'canetti00']","['{How to Play any Mental Game or A Completeness Theorem for Protocols with Honest Majority}', '{S}ecurity and {C}omposition of {M}ultiparty {C}ryptographic {P}rotocols']","[None, None]",urn:uuid:09f1a299-775b-330d-83a0-15745941a6cb,urn:uuid:4f7046fc-9c2c-30d7-b797-ae38e4c17d42,usable_dataset/1909.07814\main.bib
usable_dataset/1909.07814,urn:uuid:94f5ac35-4781-3ed8-9340-ad91181b690e,"Secure Machine Learning. There has been a flurry of recent results (\cite{sml1,codedprivateml,sml3,sml4,chiron}) in the area of secure machine learning, both in the 2-party~\cite{shafindss,valeriamatrix,cryptonets,minionn,gazelle,delphi,helen}, as well as in the 3-party setting~\cite{chameleon,aby3,securenn,quantizednn}.","['shafindss,valeriamatrix,cryptonets,minionn,gazelle,delphi,helen', 'sml1', 'codedprivateml', 'sml3', 'sml4', 'chiron', 'chameleon', 'aby3', 'securenn', 'quantizednn']",[],[],urn:uuid:35ff7b37-a712-3efa-972c-90f787724534,urn:uuid:1b3da68a-c7a9-39c7-bcfc-463639fcb032,usable_dataset/1909.07814\main.bib
usable_dataset/1909.07814,urn:uuid:7584b672-c592-38f7-b294-0adeb3d080ee,"The most relevant to our work are ABY~\cite{aby3} and SecureNN~\cite{securenn} that both provide 3-party semi-honest secure computation protocols for a variety of neural network inference and training algorithms, with somewhat similar performance guarantees.","['aby3', 'securenn']","['{ABY}\\({}^{\\mbox{3}}\\): {A Mixed Protocol Framework for Machine Learning}', '{SecureNN: 3-Party Secure Computation for Neural Network Training}']","[None, None]",urn:uuid:35ff7b37-a712-3efa-972c-90f787724534,urn:uuid:1b3da68a-c7a9-39c7-bcfc-463639fcb032,usable_dataset/1909.07814\main.bib
usable_dataset/1909.07814,urn:uuid:16133fd4-04c5-3f1a-812e-0c7a4a1f09c6,"We also remark that there have been other recent works~\cite{xonn,codedprivateml,nitin,outsourcingprivateml,chet,nhe,nhe2,leviosa}, that modify the inference or training algorithms in order to obtain performance benefits.","['xonn', 'codedprivateml', 'nitin', 'outsourcingprivateml', 'chet', 'nhe', 'nhe2', 'leviosa']","['{XONN: XNOR-based Oblivious Deep Neural Network Inference}', '{CodedPrivateML: A Fast and Privacy-Preserving Framework for Distributed Machine Learning}', '{QUOTIENT:} {T}wo-{P}arty {S}ecure {N}eural {N}etwork {T}raining and {P}rediction', '{Outsourcing Private Machine Learning via Lightweight Secure Arithmetic Computation}', '{CHET}: {An Optimizing Compiler for Fully-Homomorphic Neural-Network Inferencing}', '{nGraph-HE}: {A} {G}raph {C}ompiler for {D}eep {L}earning on {H}omomorphically {E}ncrypted {D}ata', '{nGraph-HE2}: {A} {H}igh-{T}hroughput {F}ramework for {N}eural {N}etwork {I}nference on {E}ncrypted {D}ata', '{LevioSA: Lightweight Secure Arithmetic Computation}']","[None, None, None, None, None, None, None, None]",urn:uuid:35ff7b37-a712-3efa-972c-90f787724534,urn:uuid:1b3da68a-c7a9-39c7-bcfc-463639fcb032,usable_dataset/1909.07814\main.bib
usable_dataset/1909.07814,urn:uuid:fa85cc94-82cd-38a0-b365-fdb3d98aba33,"For example, the works that use fully homomorphic encryption (e.g.,~\cite{chet,nhe,nhe2})  do not support secure evaluation of ReLUs, XONN~\cite{xonn} requires DNNs to have binary weights, etc.","['xonn', 'chet', 'nhe', 'nhe2']","['{XONN: XNOR-based Oblivious Deep Neural Network Inference}', '{CHET}: {An Optimizing Compiler for Fully-Homomorphic Neural-Network Inferencing}', '{nGraph-HE}: {A} {G}raph {C}ompiler for {D}eep {L}earning on {H}omomorphically {E}ncrypted {D}ata', '{nGraph-HE2}: {A} {H}igh-{T}hroughput {F}ramework for {N}eural {N}etwork {I}nference on {E}ncrypted {D}ata']","[None, None, None, None]",urn:uuid:35ff7b37-a712-3efa-972c-90f787724534,urn:uuid:1b3da68a-c7a9-39c7-bcfc-463639fcb032,usable_dataset/1909.07814\main.bib
usable_dataset/2002.00934,urn:uuid:fd0686e2-dd35-3d1b-a658-094d699bb7be,"\bf Politics and Polarization. Political parties involve user audience often through polarization, as well as by urging them to volunteer and campaign for the party~\cite{ballard2016campaigning}.",['ballard2016campaigning'],['Campaigning online: Web display ads in the 2012 presidential campaign'],[None],urn:uuid:6c9dce3c-d49d-3c37-b4b6-89623c99563b,urn:uuid:e71f073d-18f7-3263-bd6e-0780721c02b2,usable_dataset/2002.00934\bibliography.bib
usable_dataset/2002.00934,urn:uuid:5a84d4ac-9e73-36c8-b33c-c65d3bbe96fd,"With most of the political discussion happening in the cyber-space, user experience leads the way of engagement and enchantment~\cite{mccarthy2006experience, agarwal2019tweeting}.","['mccarthy2006experience', 'agarwal2019tweeting']","['The experience of enchantment in human--computer interaction', 'Tweeting MPs: Digital Engagement between Citizens and Members of Parliament in the UK']","[None, None]",urn:uuid:6c9dce3c-d49d-3c37-b4b6-89623c99563b,urn:uuid:e71f073d-18f7-3263-bd6e-0780721c02b2,usable_dataset/2002.00934\bibliography.bib
usable_dataset/2002.00934,urn:uuid:c6639aa1-799e-3a7a-a0c1-cd10130d4717,"For example, news personalization is a way to send curated news briefing to subscribers~\cite{messing2014selective,thurman2012future}.","['messing2014selective', 'thurman2012future']","['Selective exposure in the age of social media: Endorsements trump partisan source affiliation when selecting news online', 'The future of personalization at news websites: lessons from a longitudinal study']","[None, None]",urn:uuid:6c9dce3c-d49d-3c37-b4b6-89623c99563b,urn:uuid:e71f073d-18f7-3263-bd6e-0780721c02b2,usable_dataset/2002.00934\bibliography.bib
usable_dataset/2002.00934,urn:uuid:6dabcaf9-a450-33ea-bbff-fa534abe3abd,\cite{chand2017dark} coined dark money which is spent on negative ads.,['chand2017dark'],['Dark Money and Dirty Politics: Are anonymous ads more negative?'],[None],urn:uuid:6c9dce3c-d49d-3c37-b4b6-89623c99563b,urn:uuid:e71f073d-18f7-3263-bd6e-0780721c02b2,usable_dataset/2002.00934\bibliography.bib
usable_dataset/2002.00934,urn:uuid:980168e2-24e9-3ecd-81e3-9d7e1eca9a45,"Another selective political initiative is the highly polarized in US politics, studied by~\cite{bhatt2018illuminating}.",['bhatt2018illuminating'],['Illuminating an ecosystem of partisan websites'],[None],urn:uuid:6c9dce3c-d49d-3c37-b4b6-89623c99563b,urn:uuid:e71f073d-18f7-3263-bd6e-0780721c02b2,usable_dataset/2002.00934\bibliography.bib
usable_dataset/2002.00934,urn:uuid:d48b692f-97b3-36c2-8d67-ba7b7076bfd8,URL sharing of alternate news across the Web was studied in~\cite{zannettou2017web}.,['zannettou2017web'],['The web centipede: understanding how web communities influence each other through the lens of mainstream and alternative news sources'],[None],urn:uuid:6c9dce3c-d49d-3c37-b4b6-89623c99563b,urn:uuid:e71f073d-18f7-3263-bd6e-0780721c02b2,usable_dataset/2002.00934\bibliography.bib
usable_dataset/2002.00934,urn:uuid:be96ed65-e409-3511-8972-7170cf9856fc,"Examples include the use of NMF clustering ()~\cite{lahoti2018joint}, finding non-binary political ideological scores, sentiment analysis~\cite{pla2014political}, twitter profile data~\cite{pennacchiotti2011democrats}, etc.","['lahoti2018joint', 'pla2014political', 'pennacchiotti2011democrats']","['Joint non-negative matrix factorization for learning ideological leaning on Twitter', 'Political tendency identification in twitter using sentiment analysis techniques', 'Democrats, republicans and starbucks afficionados: user classification in twitter']","[None, None, None]",urn:uuid:6c9dce3c-d49d-3c37-b4b6-89623c99563b,urn:uuid:e71f073d-18f7-3263-bd6e-0780721c02b2,usable_dataset/2002.00934\bibliography.bib
usable_dataset/2002.00934,urn:uuid:ac8f43e4-d455-3108-991e-4fe9d87bb03b,"In~\cite{karaj2018whotracks}, authors measure the trackers per website and find that, on average, there are 10 different trackers per website; in news websites this average is 15 trackers.",['karaj2018whotracks'],['WhoTracks.Me: Monitoring the online tracking landscape at scale'],[None],urn:uuid:6c9dce3c-d49d-3c37-b4b6-89623c99563b,urn:uuid:5ac83156-7c44-3877-84b4-e110d135a4a4,usable_dataset/2002.00934\bibliography.bib
usable_dataset/2002.00934,urn:uuid:d0206ff0-0fc8-36dd-ae75-226d50ffd163,"Similarly, in~\cite{englehardt2016online}, authors used Alexa top 500 websites for each of the 16 basic content categories of Alexa.",['englehardt2016online'],['Online tracking: A 1-million-site measurement and analysis'],[None],urn:uuid:6c9dce3c-d49d-3c37-b4b6-89623c99563b,urn:uuid:5ac83156-7c44-3877-84b4-e110d135a4a4,usable_dataset/2002.00934\bibliography.bib
usable_dataset/2002.00934,urn:uuid:40bc0548-658c-361f-aeae-b8fefdd79381,"In~\cite{hu2019characterising}, researchers measured differences in third party cookies offloaded on a browser by collecting data from real users over a period of 1 year, before and after the GDPR regulation~\cite{europeanDataRules2018}, and found that the number of cookies does not change, not least because users tend to pay little attention to the GDPR options.","['hu2019characterising', 'europeanDataRules2018']","['Characterising Third Party Cookie Usage in the EU after GDPR', 'Rules for the protection of personal data inside and outside the EU']","[None, None]",urn:uuid:6c9dce3c-d49d-3c37-b4b6-89623c99563b,urn:uuid:1ee061a7-8a64-38bd-8b7b-e5edf6485096,usable_dataset/2002.00934\bibliography.bib
usable_dataset/2002.00934,urn:uuid:95cc09f8-f655-38dd-8f6a-3520ee342a6d,"In~\cite{castelluccia2014selling}, researchers were the first to analyze the technique of synchronizing different user IDs that various entities set for the same user, thus reducing the user's anonymity on the Web.",['castelluccia2014selling'],['Selling off privacy at auction'],[None],urn:uuid:6c9dce3c-d49d-3c37-b4b6-89623c99563b,urn:uuid:1ee061a7-8a64-38bd-8b7b-e5edf6485096,usable_dataset/2002.00934\bibliography.bib
usable_dataset/2002.00934,urn:uuid:4470283c-8e96-30d8-9d12-ab5931fc3e37,"In~\cite{costOfAds}, researchers measure the costs of digital advertising and use CS as a metric for the reduction of user's privacy.",['costOfAds'],['The Cost of Digital Advertisement: Comparing User and Advertiser Views'],[None],urn:uuid:6c9dce3c-d49d-3c37-b4b6-89623c99563b,urn:uuid:1ee061a7-8a64-38bd-8b7b-e5edf6485096,usable_dataset/2002.00934\bibliography.bib
usable_dataset/2002.00934,urn:uuid:fb018eca-966a-3d75-ae10-f37ada63829a,"Also,~\cite{panpap_www2019} conducted a thorough analysis of CS by analyzing a year-long dataset of real mobile users and showed that CS increases the number of domains that track a user's browsing by a factor of 6.75.",['panpap_www2019'],['Cookie Synchronization: Everything You Always Wanted to Know But Were Afraid to Ask'],[None],urn:uuid:6c9dce3c-d49d-3c37-b4b6-89623c99563b,urn:uuid:1ee061a7-8a64-38bd-8b7b-e5edf6485096,usable_dataset/2002.00934\bibliography.bib
usable_dataset/2002.00934,urn:uuid:d726e682-973d-34f2-971b-705d56125ef5,"In~\cite{exclusiveCSync} authors show that CS can break users' secure SSL sessions and increase their identifiability on the Web, even if they browse over VPN.",['exclusiveCSync'],['Exclusive: How the (Synced) Cookie Monster Breached My Encrypted VPN Session'],[None],urn:uuid:6c9dce3c-d49d-3c37-b4b6-89623c99563b,urn:uuid:1ee061a7-8a64-38bd-8b7b-e5edf6485096,usable_dataset/2002.00934\bibliography.bib
usable_dataset/2002.00934,urn:uuid:ec0d500c-fc0f-3a89-8cb9-0128050a0fce,"In~\cite{acar2014web}, authors study CS together with re-spawning cookies and investigate how these two can form persistent cookies that users cannot abolish even after clearing their cookie jar.",['acar2014web'],['The web never forgets: Persistent tracking mechanisms in the wild'],[None],urn:uuid:6c9dce3c-d49d-3c37-b4b6-89623c99563b,urn:uuid:1ee061a7-8a64-38bd-8b7b-e5edf6485096,usable_dataset/2002.00934\bibliography.bib
usable_dataset/2002.00934,urn:uuid:43a08d1d-b108-3284-9bef-1b9ea3002ab5,"In~\cite{englehardt2015cookies}, authors simulate users browsing the web in an attempt to study the possibility of a passive eavesdropper leveraging third party HTTP tracking cookies for mass monitoring.",['englehardt2015cookies'],['Cookies that give you away: The surveillance implications of web tracking'],[None],urn:uuid:6c9dce3c-d49d-3c37-b4b6-89623c99563b,urn:uuid:1ee061a7-8a64-38bd-8b7b-e5edf6485096,usable_dataset/2002.00934\bibliography.bib
usable_dataset/2002.00934,urn:uuid:fa6715d7-b982-3f07-a174-6ffa5dd6afff,"\bf Biases in Online Ecosystem. In an attempt to shed light over today's opaque online ad-ecosystem,~\cite{lecuyer2015sunlight} proposed Sunlight: a system to detect targeting in large-scale experiments with statistically justifiable results.",['lecuyer2015sunlight'],['Sunlight: Fine-grained targeting detection at scale with statistical confidence'],[None],urn:uuid:6c9dce3c-d49d-3c37-b4b6-89623c99563b,urn:uuid:7f3847e5-7862-37d3-b7ac-11a3dca45bdb,usable_dataset/2002.00934\bibliography.bib
usable_dataset/2002.00934,urn:uuid:3057ba8e-c978-37a1-a437-17e8042fa38e,"Similarly,~\cite{bashir2016} developed a content-agnostic methodology to detect client- and server-side flows of information between ad-exchanges by leveraging retargeted ads.",['bashir2016'],['Tracing Information Flows Between Ad Exchanges Using Retargeted Ads'],[None],urn:uuid:6c9dce3c-d49d-3c37-b4b6-89623c99563b,urn:uuid:7f3847e5-7862-37d3-b7ac-11a3dca45bdb,usable_dataset/2002.00934\bibliography.bib
usable_dataset/2002.00934,urn:uuid:ebe06d9a-5a8a-3370-b6fd-41972c5beecb,"In~\cite{zhang2017targeted}, user browsing history is studied to define audience gender and age demographics.",['zhang2017targeted'],['Targeted Advertising Based on Browsing History'],[None],urn:uuid:6c9dce3c-d49d-3c37-b4b6-89623c99563b,urn:uuid:7f3847e5-7862-37d3-b7ac-11a3dca45bdb,usable_dataset/2002.00934\bibliography.bib
usable_dataset/2002.00934,urn:uuid:18ffe74e-75d4-39f8-b2df-cb7f66db147c,Evidences of bias in ad-placement is given by~\cite{datta2015automated}.,['datta2015automated'],['Automated experiments on ad privacy settings'],[None],urn:uuid:6c9dce3c-d49d-3c37-b4b6-89623c99563b,urn:uuid:7f3847e5-7862-37d3-b7ac-11a3dca45bdb,usable_dataset/2002.00934\bibliography.bib
usable_dataset/2002.00934,urn:uuid:2a643ae9-586e-33d8-a6f2-7785fe9260a6,"In~\cite{kim2018stealth}, authors studied 5 million paid ads on Facebook and claim that US users are mostly targeted by foreign groups using loopholes in regulations of Facebook.",['kim2018stealth'],['The stealth media? Groups and targets behind divisive issue campaigns on Facebook'],[None],urn:uuid:6c9dce3c-d49d-3c37-b4b6-89623c99563b,urn:uuid:7f3847e5-7862-37d3-b7ac-11a3dca45bdb,usable_dataset/2002.00934\bibliography.bib
usable_dataset/2003.04738,urn:uuid:fc888183-2309-3255-8344-8171600c9261,"  A priori, this is just a set, but if  is sufficiently small (i.e., ``neat'' in the sense of \cite{borelarith,pink}), KK$ really is the definition of the \emph{coarse Shimura variety and that one should be working with stacks instead.","['borelarith', 'pink']","['', '']","['', '']",urn:uuid:50797d20-0f82-3a0a-9748-7087df31a609,urn:uuid:1705b94b-fa7a-3104-82f2-8a06f014ca45,usable_dataset/2003.04738\article-ekor.bbl
usable_dataset/2003.04738,urn:uuid:b42a1849-1b71-32e5-b15b-753d03685b5b,  More detailed explanations may be found in \cite{milne-isv}.,['milne-isv'],[''],[''],urn:uuid:50797d20-0f82-3a0a-9748-7087df31a609,urn:uuid:f94ba135-a328-3552-b444-f5e9d917eca5,usable_dataset/2003.04738\article-ekor.bbl
usable_dataset/2003.04738,urn:uuid:3d063580-44cb-390f-8e03-efcce177af66,"Notation   For a (connected) reductive group  over , we denote by  the extended (or enlarged) and by  the reduced (i.e., non-extended) Bruhat-Tits building of  over  \cite{bt-ii}.",['bt-ii'],[''],[''],urn:uuid:50797d20-0f82-3a0a-9748-7087df31a609,urn:uuid:eaadd445-cda2-3a89-a892-9f1d9b385fad,usable_dataset/2003.04738\article-ekor.bbl
usable_dataset/2003.04738,urn:uuid:4406164c-3519-3e32-9be9-48adff923c0d,"{kisin-pappas} (originally in \cite{zbMATH03900941}), the points of (L,c)\emptyset\neLOV\Lambda\inL \varpi\Lambda\inLcLis a strictly decreasing function such that .",['zbMATH03900941'],[''],[''],urn:uuid:50797d20-0f82-3a0a-9748-7087df31a609,urn:uuid:564da421-ceab-34e2-83ec-4645d062be2a,usable_dataset/2003.04738\article-ekor.bbl
usable_dataset/2003.04738,urn:uuid:73589932-9a50-345f-bc62-a4338bc5ed37,Note that this is (a variant of) a well-known theorem by van Dantzig if  \cite{vandantzig}.,['vandantzig'],[''],[''],urn:uuid:50797d20-0f82-3a0a-9748-7087df31a609,urn:uuid:73589932-9a50-345f-bc62-a4338bc5ed37,usable_dataset/2003.04738\article-ekor.bbl
usable_dataset/2003.04738,urn:uuid:3f923ab0-3b92-30ab-bfdc-43f2f53011bc,By Kisin-Pappas \cite{kisin-pappas} we do actually have such a diagram in our situation.,['kisin-pappas'],[''],[''],urn:uuid:50797d20-0f82-3a0a-9748-7087df31a609,urn:uuid:3f923ab0-3b92-30ab-bfdc-43f2f53011bc,usable_dataset/2003.04738\article-ekor.bbl
usable_dataset/2003.04738,urn:uuid:9f7484af-3691-3743-b4d1-99dc8fb80387,"In \cite{pappas-zhu}, Pappas and Zhu give a construction of the local model in quite a general context, in particular with no assumptions going beyond our running assumptions std-assum.",['pappas-zhu'],[''],[''],urn:uuid:50797d20-0f82-3a0a-9748-7087df31a609,urn:uuid:9f7484af-3691-3743-b4d1-99dc8fb80387,usable_dataset/2003.04738\article-ekor.bbl
usable_dataset/2003.04738,urn:uuid:3c89a2b4-14a6-3525-a3e1-5d2e67b3f895,"Definition   The local model X_G\Q_p E\ucG_K,\Z_p\Z_pO_E\ucG_K,\Z_p:=\ucG_K,\A_{\Z_p^1}\A^1_{\Z_p,p}is a base change of the global affine Gramannian as defined in \cite{pappas-zhu}.",['pappas-zhu'],[''],[''],urn:uuid:50797d20-0f82-3a0a-9748-7087df31a609,urn:uuid:f389843d-eccf-3817-8603-fb5d31cbf9fb,usable_dataset/2003.04738\article-ekor.bbl
usable_dataset/2005.00288,urn:uuid:e8216b29-634d-3eb1-bb2a-1ca966cd409b,"\cite{kim2016sequence} proposed that instead of minimizing cross-entropy with observed data, it is better to minimize cross-entropy with teacher's probability distribution.",['kim2016sequence'],[''],[''],urn:uuid:aefa99a6-a09a-32e9-a6c9-02c81cd9444b,urn:uuid:3f556df2-184d-35e3-b034-feef8e45fad4,usable_dataset/2005.00288\draft.bbl
usable_dataset/2005.00288,urn:uuid:9fc3c33d-9550-3a02-9155-67fdc63db541,\cite{mirzadeh2019improved} presents improvements in knowledge distillation by using an intermediate network they call teacher assistant.,['mirzadeh2019improved'],[''],[''],urn:uuid:aefa99a6-a09a-32e9-a6c9-02c81cd9444b,urn:uuid:3f556df2-184d-35e3-b034-feef8e45fad4,usable_dataset/2005.00288\draft.bbl
usable_dataset/2005.14137,urn:uuid:c49a8bb2-997f-38a2-a767-9f5e9591a743,"In~\cite{guo2018low}, the authors draw intuition from JPEG codec~\cite{wallace1992jpeg} image compression techniques and propose to use discrete cosine transform (DCT) for generating low frequency adversarial perturbations to assist score-based adversarial attack.","['guo2018low', 'wallace1992jpeg']","['Low frequency adversarial perturbation', 'The JPEG still picture compression standard']","[None, None]",urn:uuid:9a7fe2d7-759f-3f82-ad21-e86c3c63214b,urn:uuid:f74375d4-a75e-3e50-a6ac-53705ee085c6,usable_dataset/2005.14137\bibliography.bib
usable_dataset/2005.14137,urn:uuid:6beb2f91-f461-3c24-b27f-f4094d615c9c,AutoZoom~\cite{tu2019autozoom} trains an auto-encoder offline with natural images and uses the decoder network as a dimension reduction tool.,['tu2019autozoom'],['Autozoom: Autoencoder-based zeroth order optimization method for attacking black-box neural networks'],[None],urn:uuid:9a7fe2d7-759f-3f82-ad21-e86c3c63214b,urn:uuid:f74375d4-a75e-3e50-a6ac-53705ee085c6,usable_dataset/2005.14137\bibliography.bib
usable_dataset/2011.04942,urn:uuid:79341262-de3b-32e4-bdcb-e922cf197d97,"As usual in admissible set theory (see \cite{Bar}), we write xso that $L_{\alpha}",['Bar'],[''],[''],urn:uuid:99a399dc-5eb1-3d0a-a951-caec3124f4a8,urn:uuid:79341262-de3b-32e4-bdcb-e922cf197d97,usable_dataset/2011.04942\20210528_Decision_times_amended_6_August.bbl
usable_dataset/2104.07841,urn:uuid:330664d9-eecd-3062-a194-79276d2c5ed9,"Optimization-based approaches~\cite{chenmu21,ChenWang21,FinnAL17} learn a meta-learner to adjust the optimization algorithm, usually by providing better initialization or search steps for parameters.","['chenmu21', 'ChenWang21', 'FinnAL17']",[],[],urn:uuid:5f6ef2ad-8a7e-34f1-8e21-e3f8379e8662,urn:uuid:8c563f2d-9b1c-3209-be4c-a1938d3d93af,usable_dataset/2104.07841\cvpr20.bib
usable_dataset/2104.07841,urn:uuid:69b7c043-401d-390b-922c-d70974b94292,"Model-based~\cite{BertinettoHTV19,GidarisK18,GuoC20,MunkhdalaiY17} approaches depend on well-designed models, whose parameters are obtained with its internal architecture or a meta-learner for fast learning.","['BertinettoHTV19', 'GidarisK18', 'GuoC20', 'MunkhdalaiY17']",[],[],urn:uuid:5f6ef2ad-8a7e-34f1-8e21-e3f8379e8662,urn:uuid:8c563f2d-9b1c-3209-be4c-a1938d3d93af,usable_dataset/2104.07841\cvpr20.bib
usable_dataset/2104.07841,urn:uuid:dee67e3e-3824-3a91-b83f-fb9f644a6f9d,"Metric-based approaches~\cite{oreshkin2018tadam,SnellSZ17,Sung:RelationNet} learn a generalizable embedding model to transform all samples into a common metric space, where specific distance measures can be employed with the nearest neighbor classifiers.","['oreshkin2018tadam', 'SnellSZ17', 'Sung:RelationNet']",[],[],urn:uuid:5f6ef2ad-8a7e-34f1-8e21-e3f8379e8662,urn:uuid:8c563f2d-9b1c-3209-be4c-a1938d3d93af,usable_dataset/2104.07841\cvpr20.bib
usable_dataset/2104.07841,urn:uuid:7c7b5afd-8eef-3e3d-8142-c23de372b988,"In computer vision applications, various pretext tasks have been utilized for pre-training the network including relative patch location~\cite{doersch2015unsupervised}, rotation prediction~\cite{gidaris2018unsupervised}, image inpainting~\cite{pathak2016context}, and clustering~\cite{caron2019unsupervised}.","['doersch2015unsupervised', 'gidaris2018unsupervised', 'pathak2016context', 'caron2019unsupervised']","['Unsupervised visual representation learning by context prediction', 'Unsupervised Representation Learning by Predicting Image Rotations', 'Context encoders: Feature learning by inpainting', 'Unsupervised pre-training of image features on non-curated data']","[None, None, None, None]",urn:uuid:5f6ef2ad-8a7e-34f1-8e21-e3f8379e8662,urn:uuid:f4a9873f-99e5-3372-97e1-9649fcbcaf7f,usable_dataset/2104.07841\cvpr20.bib
usable_dataset/2104.07841,urn:uuid:256f551b-44fd-3754-b9e0-ad83f5d034e3,"Another line of works learns representations by contrasting positive pairs against negative pairs constructed on augmented samples~\cite{bojanowski2017unsupervised,dosovitskiy2014discriminative,he2020momentum,xiao2019dynamic,xiao2018neural,yan2020pointasnl}.","['bojanowski2017unsupervised', 'dosovitskiy2014discriminative', 'he2020momentum', 'xiao2019dynamic', 'xiao2018neural', 'yan2020pointasnl']","['Unsupervised learning by predicting Noise', 'Discriminative unsupervised feature learning with convolutional neural networks', 'Momentum contrast for unsupervised visual representation learning']","[None, None, None]",urn:uuid:5f6ef2ad-8a7e-34f1-8e21-e3f8379e8662,urn:uuid:f4a9873f-99e5-3372-97e1-9649fcbcaf7f,usable_dataset/2104.07841\cvpr20.bib
usable_dataset/2104.07841,urn:uuid:a0b28f00-e4a4-3137-9652-8cfff6443067,"For example, \cite{zhai2019s4l} shows that self-supervision can contribute to the recognition in a semi-supervised setting, and \cite{carlucci2019domain} uses self-supervision to improve domain generalization.","['zhai2019s4l', 'carlucci2019domain']","['S4l: Self-supervised semi-supervised learning', 'Domain generalization by solving jigsaw puzzles']","[None, None]",urn:uuid:5f6ef2ad-8a7e-34f1-8e21-e3f8379e8662,urn:uuid:4e404140-5233-3753-9883-929ca17b59be,usable_dataset/2104.07841\cvpr20.bib
usable_dataset/2104.07841,urn:uuid:2030ae4d-4c10-3e19-bbcb-136fca6fb623,"Showing that the auxiliary loss without labels can extract discriminative features for few-shot learning, \cite{GidarisBKPC19} considers rotation prediction and relative patch location as self-supervised tasks, and \cite{SuMH20} uses image jigsaw puzzle.","['GidarisBKPC19', 'SuMH20']",[],[],urn:uuid:5f6ef2ad-8a7e-34f1-8e21-e3f8379e8662,urn:uuid:4e404140-5233-3753-9883-929ca17b59be,usable_dataset/2104.07841\cvpr20.bib
usable_dataset/2104.07841,urn:uuid:685c5a5a-4e34-39ef-bc57-ff5d048fcfbb,Multi-objective optimization~\cite{zuluaga2013active} aims at finding a set of Pareto solutions with different trade-offs rather than one single solution.,['zuluaga2013active'],['Active learning for multi-objective optimization'],[None],urn:uuid:5f6ef2ad-8a7e-34f1-8e21-e3f8379e8662,urn:uuid:bd33c63a-17d1-3221-b197-935bea994db4,usable_dataset/2104.07841\cvpr20.bib
usable_dataset/2104.07841,urn:uuid:a1d5647e-8ab5-36c5-9313-a74fe91e2f62,"It has been used in many machine learning applications such as reinforcement learning~\cite{van2014multi}, Bayesian optimization~\cite{hernandez2016predictive} and neural architecture search~\cite{elsken2018efficient}.","['van2014multi', 'hernandez2016predictive', 'elsken2018efficient']","['Multi-objective reinforcement learning using sets of pareto dominating policies', 'Predictive entropy search for multi-objective bayesian optimization', 'Efficient Multi-Objective Neural Architecture Search via Lamarckian Evolution']","[None, None, None]",urn:uuid:5f6ef2ad-8a7e-34f1-8e21-e3f8379e8662,urn:uuid:bd33c63a-17d1-3221-b197-935bea994db4,usable_dataset/2104.07841\cvpr20.bib
usable_dataset/2104.07841,urn:uuid:9aa08071-47ba-375f-8dbd-0e5563359548,"As the gradient information is usually not available in these applications, population-based and gradient-free multi-objective evolutionary algorithms~\cite{daglib,Zitzler99} are popular methods to find a set of well-distributed Pareto solutions in a single run.","['daglib', 'Zitzler99']",[],[],urn:uuid:5f6ef2ad-8a7e-34f1-8e21-e3f8379e8662,urn:uuid:bd33c63a-17d1-3221-b197-935bea994db4,usable_dataset/2104.07841\cvpr20.bib
usable_dataset/2104.10558,urn:uuid:60199125-574b-32c3-b1a0-7901a8a4964a,"Planning algorithms are central to robot navigation \citep{lavalle2006planning}, and planning under uncertainty is especially critical in uncontrolled environments like public roads.",['lavalle2006planning'],['Planning algorithms'],[None],urn:uuid:a257a117-50cd-39b6-a360-269c0bab0a74,urn:uuid:c222f901-b370-363a-9f90-394b74759ec1,usable_dataset/2104.10558\references.bib
usable_dataset/2104.10558,urn:uuid:ca8a32c6-1382-3129-8260-285876788d50,Various choices exist for designing autonomous vehicle planning algorithms that consider other vehicles (see \citet{schwarting2018planning} for a thorough survey).,['schwarting2018planning'],['Planning and decision-making for autonomous vehicles'],[None],urn:uuid:a257a117-50cd-39b6-a360-269c0bab0a74,urn:uuid:c222f901-b370-363a-9f90-394b74759ec1,usable_dataset/2104.10558\references.bib
usable_dataset/2104.10558,urn:uuid:b4ade074-3ebf-3de3-9e53-1dc713054f2a,  Gray  \citet{hardy2013contingency} &  & & & &  & Passive ,['hardy2013contingency'],['{Contingency Planning Over Probabilistic Obstacle Predictions for Autonomous Road Vehicles}'],[None],urn:uuid:a257a117-50cd-39b6-a360-269c0bab0a74,urn:uuid:0f9e6925-b936-389b-942d-8eed10ff166a,usable_dataset/2104.10558\references.bib
usable_dataset/2104.10558,urn:uuid:efbf3bb9-e757-3ec3-8e30-c3bb39fb2607,   \citet{bandyopadhyay2013intention} & & & & &  & Active  ,['bandyopadhyay2013intention'],['Intention-aware motion planning'],[None],urn:uuid:a257a117-50cd-39b6-a360-269c0bab0a74,urn:uuid:ef333523-ec92-32ad-8e62-ab2d6997bb11,usable_dataset/2104.10558\references.bib
usable_dataset/2104.10558,urn:uuid:cf41c548-973f-3418-a76e-9e276f89f500,    Gray  \citet{xu2014motion} & & & & &  & None ,['xu2014motion'],['Motion planning under uncertainty for on-road autonomous driving'],[None],urn:uuid:a257a117-50cd-39b6-a360-269c0bab0a74,urn:uuid:91e31e52-bb3f-3a7c-9033-30220b91d242,usable_dataset/2104.10558\references.bib
usable_dataset/2104.10558,urn:uuid:79c1e977-6242-3f8c-835c-a580dc6b90e8,   \citet{zhan2016non} & & & & & &  Passive ,['zhan2016non'],['A non-conservatively defensive strategy for urban autonomous driving'],[None],urn:uuid:a257a117-50cd-39b6-a360-269c0bab0a74,urn:uuid:de24cb71-6007-39dd-8bfe-8e2ffcdff77c,usable_dataset/2104.10558\references.bib
usable_dataset/2104.10558,urn:uuid:9460ee77-bfdd-370a-ace7-b543411c4e22,    Gray  \citet{sadigh2016planning} & &  & & & &  None    ,['sadigh2016planning'],['Planning for Autonomous Cars that Leverage Effects on Human Actions'],[None],urn:uuid:a257a117-50cd-39b6-a360-269c0bab0a74,urn:uuid:6a978729-4caf-3417-a4f0-aa5db6d4457c,usable_dataset/2104.10558\references.bib
usable_dataset/2104.10558,urn:uuid:e1bdbd55-aa32-3e96-b4a4-86bcbe637a68,   \citet{galceran2017multipolicy} & & & & & & Active ,['galceran2017multipolicy'],['Multipolicy decision-making for autonomous driving via changepoint-based behavior prediction: Theory and experiment'],[None],urn:uuid:a257a117-50cd-39b6-a360-269c0bab0a74,urn:uuid:3adc5e8d-3821-31ce-aa40-eba157d7c94c,usable_dataset/2104.10558\references.bib
usable_dataset/2104.10558,urn:uuid:86f95691-13a1-3b77-917a-6035ce442acd,  Gray  \citet{schmerling2018multimodal} & &  & & & &  None    ,['schmerling2018multimodal'],['Multimodal probabilistic model-based planning for human-robot interaction'],[None],urn:uuid:a257a117-50cd-39b6-a360-269c0bab0a74,urn:uuid:098dd308-05c5-340c-8c78-bfe3f6e44900,usable_dataset/2104.10558\references.bib
usable_dataset/2104.10558,urn:uuid:1c066f57-05b4-358f-b32d-b2f45dc5e4e9,   \citet{rhinehart2020deep} & &  & & &  & None ,['rhinehart2020deep'],"['Deep Imitative Models for Flexible Inference, Planning, and Control']",[None],urn:uuid:a257a117-50cd-39b6-a360-269c0bab0a74,urn:uuid:86c6b371-6dbe-32d2-8cbd-62b2904ca92a,usable_dataset/2104.10558\references.bib
usable_dataset/2104.10558,urn:uuid:1271e00c-6732-3344-ac11-cdfffa2b2be2,    Gray  \citet{zhou2018joint} & & a & & & & None ,['zhou2018joint'],['Joint multi-policy behavior estimation and receding-horizon trajectory planning for automated urban driving'],[None],urn:uuid:a257a117-50cd-39b6-a360-269c0bab0a74,urn:uuid:0ad9cbcb-4307-3b50-b5c0-37eb7180d39a,usable_dataset/2104.10558\references.bib
usable_dataset/2104.10558,urn:uuid:55287bd1-f29b-3c83-97c6-4aaa0e671a07,    Gray  \citet{zeng2019end} & &  & & & &  None  ,['zeng2019end'],['End-to-end interpretable neural motion planner'],[None],urn:uuid:a257a117-50cd-39b6-a360-269c0bab0a74,urn:uuid:3138e02b-07b1-3330-a8e0-89d7994ac63a,usable_dataset/2104.10558\references.bib
usable_dataset/2104.10558,urn:uuid:1fbd0514-58de-30b9-b9c2-21e9a54d0aec,   \citet{tang2019mfp} & & &  & & &  None ,['tang2019mfp'],['Multiple futures prediction'],[None],urn:uuid:a257a117-50cd-39b6-a360-269c0bab0a74,urn:uuid:3e430fdb-cd5c-3831-ae85-f7aa62bfadf9,usable_dataset/2104.10558\references.bib
usable_dataset/2104.10558,urn:uuid:28fae2dc-d51a-3707-ade9-c834ba880f1a,   Gray   \citet{cui2021lookout} & & & & & & Passive ,['cui2021lookout'],['{LookOut}: Diverse Multi-Future Prediction and Planning for Self-Driving'],[None],urn:uuid:a257a117-50cd-39b6-a360-269c0bab0a74,urn:uuid:c4b02e37-c6b5-396a-b3f9-f131c325da63,usable_dataset/2104.10558\references.bib
usable_dataset/2104.10558,urn:uuid:cc27fa7f-7c01-36ef-a9c8-5a66f203163a,  \citet{bajcsy2021analyzing} & & ?,['bajcsy2021analyzing'],['Analyzing Human Models that Adapt Online'],[None],urn:uuid:a257a117-50cd-39b6-a360-269c0bab0a74,urn:uuid:0aa60657-dcf2-3264-a26c-0ffa0e734f49,usable_dataset/2104.10558\references.bib
usable_dataset/2104.10558,urn:uuid:004fbadb-87d4-3b9f-b961-6ab50e898031,"Recently, fully learned planning approaches have shown promising results on autonomous navigation benchmarks and settings \cite{rhinehart2020deep,zeng2019end,filos2020can}.","['rhinehart2020deep', 'zeng2019end', 'filos2020can']","['Deep Imitative Models for Flexible Inference, Planning, and Control', 'End-to-end interpretable neural motion planner', 'Can Autonomous Vehicles Identify, Recover From, and Adapt to Distribution Shifts?']","[None, None, None]",urn:uuid:a257a117-50cd-39b6-a360-269c0bab0a74,urn:uuid:751ec812-1354-3f01-aaba-7abe0a570e8f,usable_dataset/2104.10558\references.bib
usable_dataset/2104.10558,urn:uuid:8a8459d0-0901-317c-9f0e-191873bc0f13,"However, these methods will fail on tasks that require explicit contingency planning because they do not represent the future behavior of other agents, and therefore cannot be explicitly contingent; we demonstrate \cite{rhinehart2020deep} failing in our experiments.",['rhinehart2020deep'],"['Deep Imitative Models for Flexible Inference, Planning, and Control']",[None],urn:uuid:a257a117-50cd-39b6-a360-269c0bab0a74,urn:uuid:751ec812-1354-3f01-aaba-7abe0a570e8f,usable_dataset/2104.10558\references.bib
usable_dataset/2104.10558,urn:uuid:b84fa775-a071-3676-8011-64f46b31d20f,"In the terminology of Fig.~fig:models, ``robot leader'' methods, commonly referred to as MPC-shooting based methods, plan {action trajectories}, which means that the actions will be fixed for all possible future behaviors of the other agents \citep{sadigh2016planning,schmerling2018multimodal,tang2019mfp}.","['sadigh2016planning', 'schmerling2018multimodal', 'tang2019mfp']","['Planning for Autonomous Cars that Leverage Effects on Human Actions', 'Multimodal probabilistic model-based planning for human-robot interaction', 'Multiple futures prediction']","[None, None, None]",urn:uuid:a257a117-50cd-39b6-a360-269c0bab0a74,urn:uuid:751ec812-1354-3f01-aaba-7abe0a570e8f,usable_dataset/2104.10558\references.bib
usable_dataset/2104.10558,urn:uuid:bd179e2c-c07e-3955-a4f8-81e9016e7391,"Modular approaches such as those used in the DARPA Grand Challenge \citep{thrun2006stanley,urmson2008autonomous} and modern industry systems \citep{paden2016survey} have the potential to be contingent, but are highly dependent on imperfect perception pipelines.","['paden2016survey', 'thrun2006stanley', 'urmson2008autonomous']","['A survey of motion planning and control techniques for self-driving urban vehicles', 'Stanley: The robot that won the {DARPA Grand Challenge}', 'Autonomous driving in urban environments: Boss and the urban challenge']","[None, None, None]",urn:uuid:a257a117-50cd-39b6-a360-269c0bab0a74,urn:uuid:7ad88627-3d67-3000-84cc-a2e656d69f3c,usable_dataset/2104.10558\references.bib
usable_dataset/2104.10558,urn:uuid:bbcaa64c-2dae-3d02-846d-462708604d33,"In ``human leader'' approaches \citep{hardy2013contingency,zhan2016non,cui2021lookout}, the behavior prediction of the other agents is independent of the future behavior of the robot, which means that the robot does not model how its future actions can affect decisions of the other agents, shown fig:level1.","['hardy2013contingency', 'zhan2016non', 'cui2021lookout']","['{Contingency Planning Over Probabilistic Obstacle Predictions for Autonomous Road Vehicles}', 'A non-conservatively defensive strategy for urban autonomous driving', '{LookOut}: Diverse Multi-Future Prediction and Planning for Self-Driving']","[None, None, None]",urn:uuid:a257a117-50cd-39b6-a360-269c0bab0a74,urn:uuid:ab0a04ef-b643-35d5-8d94-3fd1ec34c653,usable_dataset/2104.10558\references.bib
usable_dataset/2104.10558,urn:uuid:7874ab39-a46c-3d68-8e3f-fe0559cebfcc," \citet{galceran2017multipolicy} and \citet{fisac2019hierarchical} perform co-leader contingency planning with hand-crafted models (dynamics models, behavior models, reward functions) rather than learned behavior models.","['galceran2017multipolicy', 'fisac2019hierarchical']","['Multipolicy decision-making for autonomous driving via changepoint-based behavior prediction: Theory and experiment', '{Hierarchical Game-Theoretic Planning for Autonomous Vehicles}']","[None, None]",urn:uuid:a257a117-50cd-39b6-a360-269c0bab0a74,urn:uuid:ab0a04ef-b643-35d5-8d94-3fd1ec34c653,usable_dataset/2104.10558\references.bib
usable_dataset/2104.10558,urn:uuid:ad52df45-3a3a-3b6e-82dd-ae45a9d6b511,"Both \citet{cui2021lookout} and \citet{bajcsy2021analyzing} (a reachability analysis-based approach) only consider single-forking contingencies, whereas our method considers contingencies at every timestep, and therefore does not require determining a `branching time'.","['cui2021lookout', 'bajcsy2021analyzing']","['{LookOut}: Diverse Multi-Future Prediction and Planning for Self-Driving', 'Analyzing Human Models that Adapt Online']","[None, None]",urn:uuid:a257a117-50cd-39b6-a360-269c0bab0a74,urn:uuid:ab0a04ef-b643-35d5-8d94-3fd1ec34c653,usable_dataset/2104.10558\references.bib
usable_dataset/2104.10558,urn:uuid:8caf95eb-de81-313e-9240-5be60ac02257,"Model-free imitation learning (IL) and reinforcement learning (RL) have been used to construct policies in autonomous driving environments with multi-agent interaction  \citep{dosovitskiy_carla_2017,chen2019deep,codevilla2019exploring,tang2019selfplay,palanisamy2019macad,hawke2020urban}.","['dosovitskiy_carla_2017', 'chen2019deep', 'codevilla2019exploring', 'tang2019selfplay', 'palanisamy2019macad', 'hawke2020urban']","['{{CARLA}}: {{An Open Urban Driving Simulator}}', 'Deep imitation learning for autonomous driving in generic urban scenarios with enhanced safety', 'Exploring the limitations of behavior cloning for autonomous driving', 'Towards Learning Multi-agent Negotiations via Self-Play', 'Multi-Agent Connected Autonomous Driving using Deep Reinforcement Learning', 'Urban driving with conditional imitation learning']","[None, None, None, None, None, None]",urn:uuid:a257a117-50cd-39b6-a360-269c0bab0a74,urn:uuid:2da445fc-495a-3fde-a977-c3748a66f541,usable_dataset/2104.10558\references.bib
usable_dataset/2104.10558,urn:uuid:31c5fcfa-1da2-36ed-a92d-a8de3ff0db62,"While goal-conditioning methods can address the suboptimality of adapting model-free methods to test-time data by serving as the representation for the test-time reward function, the goal space of the agents must be specified a priori, requires goal labels, and precludes adapting the learned system to new types of test-time goal objectives \citep{codevilla2019exploring,hawke2020urban}.","['codevilla2019exploring', 'hawke2020urban']","['Exploring the limitations of behavior cloning for autonomous driving', 'Urban driving with conditional imitation learning']","[None, None]",urn:uuid:a257a117-50cd-39b6-a360-269c0bab0a74,urn:uuid:2da445fc-495a-3fde-a977-c3748a66f541,usable_dataset/2104.10558\references.bib
